trial,testing,parameters,initial_deadline,final_deadline,net_reward,actions,success
1,False,"{'a': 0.5, 'e': 1.0}",20,0,-69.52485057995847,"{0: 14, 1: 1, 2: 4, 3: 0, 4: 1}",0
2,False,"{'a': 0.5, 'e': 0.99}",20,0,-165.9056491185176,"{0: 8, 1: 3, 2: 6, 3: 1, 4: 2}",0
3,False,"{'a': 0.5, 'e': 0.9801}",30,0,-167.84859796404123,"{0: 19, 1: 4, 2: 4, 3: 0, 4: 3}",0
4,False,"{'a': 0.5, 'e': 0.970299}",25,0,-20.236635954645802,"{0: 19, 1: 4, 2: 2, 3: 0, 4: 0}",0
5,False,"{'a': 0.5, 'e': 0.96059601}",30,0,-148.97119255040707,"{0: 19, 1: 1, 2: 8, 3: 0, 4: 2}",0
6,False,"{'a': 0.5, 'e': 0.9509900498999999}",20,0,-136.01522865139228,"{0: 11, 1: 1, 2: 4, 3: 3, 4: 1}",0
7,False,"{'a': 0.5, 'e': 0.941480149401}",25,0,-140.84162719749406,"{0: 12, 1: 3, 2: 8, 3: 1, 4: 1}",0
8,False,"{'a': 0.5, 'e': 0.9320653479069899}",20,0,-134.52824318442012,"{0: 12, 1: 0, 2: 5, 3: 1, 4: 2}",0
9,False,"{'a': 0.5, 'e': 0.9227446944279201}",25,16,-30.030667731500927,"{0: 6, 1: 0, 2: 2, 3: 1, 4: 0}",1
10,False,"{'a': 0.5, 'e': 0.9135172474836408}",25,0,-206.5247006360069,"{0: 13, 1: 2, 2: 5, 3: 2, 4: 3}",0
11,False,"{'a': 0.5, 'e': 0.9043820750088044}",25,8,-97.4030698352946,"{0: 9, 1: 2, 2: 4, 3: 1, 4: 1}",1
12,False,"{'a': 0.5, 'e': 0.8953382542587164}",25,0,-133.38161314189063,"{0: 14, 1: 2, 2: 6, 3: 2, 4: 1}",0
13,False,"{'a': 0.5, 'e': 0.8863848717161292}",35,0,-227.5308800589242,"{0: 15, 1: 6, 2: 11, 3: 1, 4: 2}",0
14,False,"{'a': 0.5, 'e': 0.8775210229989678}",20,0,-47.12979759895173,"{0: 17, 1: 0, 2: 1, 3: 1, 4: 1}",0
15,False,"{'a': 0.5, 'e': 0.8687458127689782}",25,0,-200.55271372991413,"{0: 16, 1: 1, 2: 3, 3: 1, 4: 4}",0
16,False,"{'a': 0.5, 'e': 0.8600583546412884}",20,0,-41.3783471798906,"{0: 13, 1: 2, 2: 5, 3: 0, 4: 0}",0
17,False,"{'a': 0.5, 'e': 0.8514577710948755}",25,0,-228.53505411468345,"{0: 13, 1: 0, 2: 8, 3: 0, 4: 4}",0
18,False,"{'a': 0.5, 'e': 0.8429431933839268}",20,0,-63.24363105008113,"{0: 11, 1: 4, 2: 4, 3: 1, 4: 0}",0
19,False,"{'a': 0.5, 'e': 0.8345137614500875}",30,6,-21.287654043954095,"{0: 19, 1: 2, 2: 2, 3: 1, 4: 0}",1
20,False,"{'a': 0.5, 'e': 0.8261686238355866}",30,0,-148.52970822959333,"{0: 19, 1: 2, 2: 6, 3: 1, 4: 2}",0
21,False,"{'a': 0.5, 'e': 0.8179069375972308}",20,0,-98.82621639437491,"{0: 14, 1: 2, 2: 1, 3: 1, 4: 2}",0
22,False,"{'a': 0.5, 'e': 0.8097278682212584}",25,1,-55.39412829805214,"{0: 18, 1: 2, 2: 3, 3: 0, 4: 1}",1
23,False,"{'a': 0.5, 'e': 0.8016305895390459}",30,6,-79.21640117479069,"{0: 18, 1: 2, 2: 2, 3: 0, 4: 2}",1
24,False,"{'a': 0.5, 'e': 0.7936142836436554}",25,0,-168.7699631965349,"{0: 14, 1: 4, 2: 4, 3: 0, 4: 3}",0
25,False,"{'a': 0.5, 'e': 0.7856781408072188}",20,0,-65.66516660855635,"{0: 11, 1: 3, 2: 5, 3: 1, 4: 0}",0
26,False,"{'a': 0.5, 'e': 0.7778213593991467}",20,6,-71.15278617214749,"{0: 8, 1: 3, 2: 1, 3: 1, 4: 1}",1
27,False,"{'a': 0.5, 'e': 0.7700431458051551}",20,0,-90.12905046582497,"{0: 14, 1: 3, 2: 1, 3: 0, 4: 2}",0
28,False,"{'a': 0.5, 'e': 0.7623427143471035}",25,0,-99.70795780638278,"{0: 15, 1: 2, 2: 7, 3: 0, 4: 1}",0
29,False,"{'a': 0.5, 'e': 0.7547192872036326}",25,0,-78.80698830104618,"{0: 19, 1: 1, 2: 0, 3: 5, 4: 0}",0
30,False,"{'a': 0.5, 'e': 0.7471720943315961}",25,0,-54.48247493198001,"{0: 20, 1: 1, 2: 3, 3: 0, 4: 1}",0
31,False,"{'a': 0.5, 'e': 0.7397003733882802}",30,0,-148.91816485866926,"{0: 19, 1: 3, 2: 5, 3: 1, 4: 2}",0
32,False,"{'a': 0.5, 'e': 0.7323033696543975}",20,0,-59.74808721963377,"{0: 13, 1: 5, 2: 1, 3: 0, 4: 1}",0
33,False,"{'a': 0.5, 'e': 0.7249803359578534}",20,0,-121.17869518453142,"{0: 15, 1: 1, 2: 1, 3: 0, 4: 3}",0
34,False,"{'a': 0.5, 'e': 0.7177305325982749}",30,0,-179.03484527727187,"{0: 21, 1: 1, 2: 4, 3: 0, 4: 4}",0
35,False,"{'a': 0.5, 'e': 0.7105532272722921}",30,0,-106.76549018062252,"{0: 21, 1: 2, 2: 4, 3: 2, 4: 1}",0
36,False,"{'a': 0.5, 'e': 0.7034476949995692}",25,0,-34.14126754203409,"{0: 18, 1: 4, 2: 2, 3: 1, 4: 0}",0
37,False,"{'a': 0.5, 'e': 0.6964132180495735}",20,0,12.300418918716378,"{0: 18, 1: 1, 2: 1, 3: 0, 4: 0}",0
38,False,"{'a': 0.5, 'e': 0.6894490858690777}",20,4,-52.21885274318883,"{0: 12, 1: 0, 2: 3, 3: 0, 4: 1}",1
39,False,"{'a': 0.5, 'e': 0.682554595010387}",25,9,-59.08593626588442,"{0: 11, 1: 0, 2: 4, 3: 0, 4: 1}",1
40,False,"{'a': 0.5, 'e': 0.6757290490602831}",25,6,-101.21524596046415,"{0: 12, 1: 3, 2: 2, 3: 0, 4: 2}",1
41,False,"{'a': 0.5, 'e': 0.6689717585696803}",20,0,-143.26855577233366,"{0: 16, 1: 0, 2: 0, 3: 0, 4: 4}",0
42,False,"{'a': 0.5, 'e': 0.6622820409839835}",25,18,-1.9165461417849632,"{0: 5, 1: 2, 2: 0, 3: 0, 4: 0}",1
43,False,"{'a': 0.5, 'e': 0.6556592205741436}",25,0,-0.8334244669400339,"{0: 22, 1: 2, 2: 0, 3: 1, 4: 0}",0
44,False,"{'a': 0.5, 'e': 0.6491026283684022}",25,0,-172.5234387937227,"{0: 15, 1: 2, 2: 4, 3: 1, 4: 3}",0
45,False,"{'a': 0.5, 'e': 0.6426116020847181}",25,19,10.779006727552687,"{0: 6, 1: 0, 2: 0, 3: 0, 4: 0}",1
46,False,"{'a': 0.5, 'e': 0.6361854860638709}",35,11,-105.7300056484065,"{0: 17, 1: 0, 2: 5, 3: 0, 4: 2}",1
47,False,"{'a': 0.5, 'e': 0.6298236312032323}",35,16,-98.19852308865258,"{0: 12, 1: 2, 2: 3, 3: 0, 4: 2}",1
48,False,"{'a': 0.5, 'e': 0.6235253948912}",25,0,-24.62250044675688,"{0: 20, 1: 1, 2: 4, 3: 0, 4: 0}",0
49,False,"{'a': 0.5, 'e': 0.617290140942288}",25,19,10.837605104353843,"{0: 6, 1: 0, 2: 0, 3: 0, 4: 0}",1
50,False,"{'a': 0.5, 'e': 0.611117239532865}",25,0,-39.00383088642712,"{0: 19, 1: 1, 2: 4, 3: 1, 4: 0}",0
51,False,"{'a': 0.5, 'e': 0.6050060671375364}",20,0,-48.921476844630234,"{0: 16, 1: 0, 2: 3, 3: 0, 4: 1}",0
52,False,"{'a': 0.5, 'e': 0.598956006466161}",20,10,-6.54250733142508,"{0: 8, 1: 0, 2: 2, 3: 0, 4: 0}",1
53,False,"{'a': 0.5, 'e': 0.5929664464014994}",20,0,-21.402680282297613,"{0: 17, 1: 0, 2: 2, 3: 1, 4: 0}",0
54,False,"{'a': 0.5, 'e': 0.5870367819374844}",25,0,-44.3755937867713,"{0: 21, 1: 1, 2: 2, 3: 0, 4: 1}",0
55,False,"{'a': 0.5, 'e': 0.5811664141181095}",30,16,-100.18193332192727,"{0: 9, 1: 1, 2: 1, 3: 1, 4: 2}",1
56,False,"{'a': 0.5, 'e': 0.5753547499769285}",25,0,-33.57125707670042,"{0: 16, 1: 7, 2: 2, 3: 0, 4: 0}",0
57,False,"{'a': 0.5, 'e': 0.5696012024771592}",20,0,-25.67642746179079,"{0: 14, 1: 2, 2: 4, 3: 0, 4: 0}",0
58,False,"{'a': 0.5, 'e': 0.5639051904523875}",20,3,-29.426819688903862,"{0: 14, 1: 1, 2: 1, 3: 0, 4: 1}",1
59,False,"{'a': 0.5, 'e': 0.5582661385478637}",30,16,14.911994434753424,"{0: 13, 1: 1, 2: 0, 3: 0, 4: 0}",1
60,False,"{'a': 0.5, 'e': 0.5526834771623851}",20,10,-25.815375399818194,"{0: 7, 1: 1, 2: 1, 3: 1, 4: 0}",1
61,False,"{'a': 0.5, 'e': 0.5471566423907612}",25,0,-42.91370790359245,"{0: 19, 1: 1, 2: 4, 3: 1, 4: 0}",1
62,False,"{'a': 0.5, 'e': 0.5416850759668536}",20,4,-15.437997622094228,"{0: 15, 1: 0, 2: 0, 3: 0, 4: 1}",1
63,False,"{'a': 0.5, 'e': 0.536268225207185}",20,13,-18.48670739290107,"{0: 4, 1: 1, 2: 2, 3: 0, 4: 0}",1
64,False,"{'a': 0.5, 'e': 0.5309055429551132}",20,0,-36.42872911237624,"{0: 17, 1: 1, 2: 1, 3: 0, 4: 1}",0
65,False,"{'a': 0.5, 'e': 0.525596487525562}",20,0,-37.218299616373244,"{0: 16, 1: 1, 2: 2, 3: 0, 4: 1}",0
66,False,"{'a': 0.5, 'e': 0.5203405226503064}",30,0,-95.95569678321223,"{0: 20, 1: 3, 2: 5, 3: 1, 4: 1}",0
67,False,"{'a': 0.5, 'e': 0.5151371174238033}",20,10,-15.328489104636713,"{0: 8, 1: 0, 2: 1, 3: 1, 4: 0}",1
68,False,"{'a': 0.5, 'e': 0.5099857462495653}",20,8,9.884171569231135,"{0: 12, 1: 0, 2: 0, 3: 0, 4: 0}",1
69,False,"{'a': 0.5, 'e': 0.5048858887870696}",20,10,-17.873984464005318,"{0: 6, 1: 2, 2: 2, 3: 0, 4: 0}",1
70,False,"{'a': 0.5, 'e': 0.4998370298991989}",20,7,-20.569456492914714,"{0: 12, 1: 0, 2: 0, 3: 0, 4: 1}",1
71,False,"{'a': 0.5, 'e': 0.49483865960020695}",20,0,-46.902361905792304,"{0: 16, 1: 1, 2: 1, 3: 1, 4: 1}",0
72,False,"{'a': 0.5, 'e': 0.4898902730042049}",25,0,-44.9182914084018,"{0: 21, 1: 2, 2: 0, 3: 1, 4: 1}",0
73,False,"{'a': 0.5, 'e': 0.48499137027416284}",25,14,2.5652245014504578,"{0: 10, 1: 0, 2: 1, 3: 0, 4: 0}",1
74,False,"{'a': 0.5, 'e': 0.4801414565714212}",25,0,6.735484303924435,"{0: 23, 1: 1, 2: 0, 3: 1, 4: 0}",0
75,False,"{'a': 0.5, 'e': 0.47534004200570695}",20,0,-38.42678033119407,"{0: 16, 1: 2, 2: 1, 3: 0, 4: 1}",0
76,False,"{'a': 0.5, 'e': 0.4705866415856499}",20,8,-1.6850510036621078,"{0: 10, 1: 1, 2: 1, 3: 0, 4: 0}",1
77,False,"{'a': 0.5, 'e': 0.46588077516979337}",20,0,-48.521294671456154,"{0: 12, 1: 3, 2: 5, 3: 0, 4: 0}",0
78,False,"{'a': 0.5, 'e': 0.46122196741809546}",20,15,2.160237478024163,"{0: 4, 1: 1, 2: 0, 3: 0, 4: 0}",1
79,False,"{'a': 0.5, 'e': 0.4566097477439145}",20,0,-9.377808589637926,"{0: 17, 1: 0, 2: 3, 3: 0, 4: 0}",0
80,False,"{'a': 0.5, 'e': 0.45204365026647536}",20,14,7.746703177601734,"{0: 6, 1: 0, 2: 0, 3: 0, 4: 0}",1
81,False,"{'a': 0.5, 'e': 0.4475232137638106}",20,10,12.184426430390806,"{0: 9, 1: 1, 2: 0, 3: 0, 4: 0}",1
82,False,"{'a': 0.5, 'e': 0.4430479816261725}",25,16,-35.89652991316911,"{0: 7, 1: 0, 2: 1, 3: 0, 4: 1}",1
83,False,"{'a': 0.5, 'e': 0.43861750180991077}",30,18,12.724359196752483,"{0: 11, 1: 0, 2: 1, 3: 0, 4: 0}",1
84,False,"{'a': 0.5, 'e': 0.43423132679181164}",30,14,-24.086825651089118,"{0: 14, 1: 1, 2: 0, 3: 0, 4: 1}",1
85,False,"{'a': 0.5, 'e': 0.4298890135238935}",25,8,15.539653639817931,"{0: 16, 1: 0, 2: 1, 3: 0, 4: 0}",1
86,False,"{'a': 0.5, 'e': 0.4255901233886546}",20,10,12.025801632460903,"{0: 9, 1: 1, 2: 0, 3: 0, 4: 0}",1
87,False,"{'a': 0.5, 'e': 0.421334222154768}",20,13,1.452712051560628,"{0: 6, 1: 0, 2: 1, 3: 0, 4: 0}",1
88,False,"{'a': 0.5, 'e': 0.41712087993322033}",35,13,24.38513595347213,"{0: 21, 1: 0, 2: 1, 3: 0, 4: 0}",1
89,False,"{'a': 0.5, 'e': 0.41294967113388814}",20,15,-0.46034911718093596,"{0: 4, 1: 1, 2: 0, 3: 0, 4: 0}",1
90,False,"{'a': 0.5, 'e': 0.40882017442254925}",20,2,-19.05061920219246,"{0: 13, 1: 2, 2: 3, 3: 0, 4: 0}",1
91,False,"{'a': 0.5, 'e': 0.4047319726783238}",20,3,-60.5427744520021,"{0: 12, 1: 1, 2: 3, 3: 0, 4: 1}",1
92,False,"{'a': 0.5, 'e': 0.40068465295154054}",30,0,0.9973678906175731,"{0: 26, 1: 0, 2: 4, 3: 0, 4: 0}",0
93,False,"{'a': 0.5, 'e': 0.3966778064220251}",20,0,22.90286405616954,"{0: 20, 1: 0, 2: 0, 3: 0, 4: 0}",0
94,False,"{'a': 0.5, 'e': 0.39271102835780486}",30,19,16.72495338220928,"{0: 10, 1: 1, 2: 0, 3: 0, 4: 0}",1
95,False,"{'a': 0.5, 'e': 0.3887839180742268}",20,1,-38.22824068821684,"{0: 16, 1: 0, 2: 2, 3: 0, 4: 1}",1
96,False,"{'a': 0.5, 'e': 0.38489607889348454}",20,0,-39.02073723039263,"{0: 15, 1: 1, 2: 2, 3: 2, 4: 0}",0
97,False,"{'a': 0.5, 'e': 0.38104711810454966}",20,15,7.776908948136677,"{0: 5, 1: 0, 2: 0, 3: 0, 4: 0}",1
98,False,"{'a': 0.5, 'e': 0.37723664692350417}",20,0,-11.274540901353998,"{0: 16, 1: 1, 2: 3, 3: 0, 4: 0}",0
99,False,"{'a': 0.5, 'e': 0.37346428045426916}",25,12,1.9944405269054568,"{0: 11, 1: 1, 2: 1, 3: 0, 4: 0}",1
100,False,"{'a': 0.5, 'e': 0.36972963764972644}",20,6,-41.08368622019499,"{0: 11, 1: 0, 2: 2, 3: 0, 4: 1}",1
101,False,"{'a': 0.5, 'e': 0.3660323412732292}",25,14,3.9202816131380525,"{0: 9, 1: 1, 2: 1, 3: 0, 4: 0}",1
102,False,"{'a': 0.5, 'e': 0.3623720178604969}",20,10,11.56788609193026,"{0: 9, 1: 1, 2: 0, 3: 0, 4: 0}",1
103,False,"{'a': 0.5, 'e': 0.3587482976818919}",25,0,-21.508034425402062,"{0: 22, 1: 1, 2: 1, 3: 0, 4: 1}",0
104,False,"{'a': 0.5, 'e': 0.355160814705073}",25,17,5.2375226457705395,"{0: 7, 1: 0, 2: 1, 3: 0, 4: 0}",1
105,False,"{'a': 0.5, 'e': 0.35160920655802225}",25,13,-21.27464944630136,"{0: 9, 1: 1, 2: 1, 3: 1, 4: 0}",1
106,False,"{'a': 0.5, 'e': 0.348093114492442}",20,14,11.62001205355242,"{0: 6, 1: 0, 2: 0, 3: 0, 4: 0}",1
107,False,"{'a': 0.5, 'e': 0.3446121833475176}",20,10,-12.806024617695776,"{0: 7, 1: 1, 2: 2, 3: 0, 4: 0}",1
108,False,"{'a': 0.5, 'e': 0.34116606151404244}",30,11,-7.721583527275325,"{0: 16, 1: 1, 2: 1, 3: 1, 4: 0}",1
109,False,"{'a': 0.5, 'e': 0.337754400898902}",20,0,-39.73452051432632,"{0: 13, 1: 2, 2: 5, 3: 0, 4: 0}",0
110,False,"{'a': 0.5, 'e': 0.334376856889913}",20,16,7.8952664125905905,"{0: 4, 1: 0, 2: 0, 3: 0, 4: 0}",1
111,False,"{'a': 0.5, 'e': 0.33103308832101386}",25,8,-77.5689944857188,"{0: 13, 1: 0, 2: 2, 3: 0, 4: 2}",1
112,False,"{'a': 0.5, 'e': 0.3277227574378037}",25,0,-50.042554596575314,"{0: 20, 1: 2, 2: 1, 3: 1, 4: 1}",0
113,False,"{'a': 0.5, 'e': 0.3244455298634257}",25,3,16.1819763128368,"{0: 20, 1: 1, 2: 1, 3: 0, 4: 0}",1
114,False,"{'a': 0.5, 'e': 0.3212010745647914}",20,13,12.823188015296683,"{0: 7, 1: 0, 2: 0, 3: 0, 4: 0}",1
115,False,"{'a': 0.5, 'e': 0.3179890638191435}",25,8,-60.58526570489792,"{0: 15, 1: 0, 2: 0, 3: 0, 4: 2}",1
116,False,"{'a': 0.5, 'e': 0.31480917318095203}",30,18,6.433814812071171,"{0: 10, 1: 1, 2: 1, 3: 0, 4: 0}",1
117,False,"{'a': 0.5, 'e': 0.3116610814491425}",20,8,8.120392454878546,"{0: 11, 1: 0, 2: 1, 3: 0, 4: 0}",1
118,False,"{'a': 0.5, 'e': 0.30854447063465107}",25,9,17.986562138229917,"{0: 15, 1: 1, 2: 0, 3: 0, 4: 0}",1
119,False,"{'a': 0.5, 'e': 0.3054590259283046}",25,3,7.435106012283606,"{0: 20, 1: 1, 2: 0, 3: 1, 4: 0}",1
120,False,"{'a': 0.5, 'e': 0.30240443566902153}",20,0,-3.4475116636973397,"{0: 18, 1: 0, 2: 1, 3: 1, 4: 0}",1
121,False,"{'a': 0.5, 'e': 0.2993803913123313}",20,5,-14.239192836007222,"{0: 12, 1: 2, 2: 0, 3: 1, 4: 0}",1
122,False,"{'a': 0.5, 'e': 0.296386587399208}",25,15,13.672298395846642,"{0: 9, 1: 1, 2: 0, 3: 0, 4: 0}",1
123,False,"{'a': 0.5, 'e': 0.2934227215252159}",25,16,-4.72615859431513,"{0: 7, 1: 0, 2: 2, 3: 0, 4: 0}",1
124,False,"{'a': 0.5, 'e': 0.29048849430996376}",25,11,-19.158100187223468,"{0: 13, 1: 0, 2: 0, 3: 0, 4: 1}",1
125,False,"{'a': 0.5, 'e': 0.2875836093668641}",25,16,-12.910874627864269,"{0: 6, 1: 1, 2: 2, 3: 0, 4: 0}",1
126,False,"{'a': 0.5, 'e': 0.28470777327319546}",20,2,-6.60508009439604,"{0: 16, 1: 0, 2: 1, 3: 1, 4: 0}",1
127,False,"{'a': 0.5, 'e': 0.2818606955404635}",20,3,-21.499353165625845,"{0: 14, 1: 0, 2: 2, 3: 1, 4: 0}",1
128,False,"{'a': 0.5, 'e': 0.27904208858505886}",25,12,12.13241948153171,"{0: 12, 1: 1, 2: 0, 3: 0, 4: 0}",1
129,False,"{'a': 0.5, 'e': 0.2762516676992083}",20,10,8.705349844357483,"{0: 9, 1: 0, 2: 1, 3: 0, 4: 0}",1
130,False,"{'a': 0.5, 'e': 0.2734891510222162}",30,22,17.67334223251547,"{0: 8, 1: 0, 2: 0, 3: 0, 4: 0}",1
131,False,"{'a': 0.5, 'e': 0.27075425951199406}",20,8,22.87600331080412,"{0: 12, 1: 0, 2: 0, 3: 0, 4: 0}",1
132,False,"{'a': 0.5, 'e': 0.2680467169168741}",20,0,-30.941095377950827,"{0: 16, 1: 0, 2: 3, 3: 1, 4: 0}",0
133,False,"{'a': 0.5, 'e': 0.26536624974770534}",35,7,-17.825623618864746,"{0: 24, 1: 1, 2: 1, 3: 2, 4: 0}",1
134,False,"{'a': 0.5, 'e': 0.2627125872502283}",20,11,19.895599192698313,"{0: 9, 1: 0, 2: 0, 3: 0, 4: 0}",1
135,False,"{'a': 0.5, 'e': 0.26008546137772603}",20,16,5.732822124410657,"{0: 4, 1: 0, 2: 0, 3: 0, 4: 0}",1
136,False,"{'a': 0.5, 'e': 0.25748460676394874}",25,8,3.9671992199959782,"{0: 15, 1: 1, 2: 1, 3: 0, 4: 0}",1
137,False,"{'a': 0.5, 'e': 0.2549097606963093}",20,0,-27.254596263602952,"{0: 18, 1: 0, 2: 1, 3: 0, 4: 1}",0
138,False,"{'a': 0.5, 'e': 0.2523606630893462}",25,0,-6.029284553380861,"{0: 22, 1: 0, 2: 3, 3: 0, 4: 0}",0
139,False,"{'a': 0.5, 'e': 0.2498370564584527}",30,0,-5.298182132768133,"{0: 28, 1: 0, 2: 1, 3: 0, 4: 1}",1
140,False,"{'a': 0.5, 'e': 0.24733868589386818}",20,0,-47.48159518168956,"{0: 14, 1: 1, 2: 4, 3: 1, 4: 0}",1
141,False,"{'a': 0.5, 'e': 0.24486529903492948}",20,6,-14.239132306047864,"{0: 13, 1: 0, 2: 0, 3: 0, 4: 1}",1
142,False,"{'a': 0.5, 'e': 0.2424166460445802}",30,12,29.68894644934513,"{0: 18, 1: 0, 2: 0, 3: 0, 4: 0}",1
143,False,"{'a': 0.5, 'e': 0.2399924795841344}",25,13,-0.27605504723992325,"{0: 11, 1: 0, 2: 0, 3: 1, 4: 0}",1
144,False,"{'a': 0.5, 'e': 0.23759255478829303}",25,4,9.514872788851672,"{0: 20, 1: 0, 2: 1, 3: 0, 4: 0}",1
145,False,"{'a': 0.5, 'e': 0.23521662924041012}",25,13,12.519962493270521,"{0: 11, 1: 0, 2: 1, 3: 0, 4: 0}",1
146,False,"{'a': 0.5, 'e': 0.232864462948006}",25,3,36.23134704995846,"{0: 22, 1: 0, 2: 0, 3: 0, 4: 0}",1
147,False,"{'a': 0.5, 'e': 0.23053581831852593}",25,19,13.768705475709712,"{0: 6, 1: 0, 2: 0, 3: 0, 4: 0}",1
148,False,"{'a': 0.5, 'e': 0.22823046013534068}",20,14,-0.41833835905814176,"{0: 5, 1: 0, 2: 1, 3: 0, 4: 0}",1
149,False,"{'a': 0.5, 'e': 0.22594815553398728}",35,16,-11.928393185607948,"{0: 16, 1: 0, 2: 2, 3: 1, 4: 0}",1
150,False,"{'a': 0.5, 'e': 0.2236886739786474}",20,7,1.9024097283776977,"{0: 11, 1: 1, 2: 1, 3: 0, 4: 0}",1
151,False,"{'a': 0.5, 'e': 0.22145178723886091}",20,12,19.7769506179985,"{0: 8, 1: 0, 2: 0, 3: 0, 4: 0}",1
152,False,"{'a': 0.5, 'e': 0.2192372693664723}",20,8,0.09950711710412485,"{0: 10, 1: 0, 2: 2, 3: 0, 4: 0}",1
153,False,"{'a': 0.5, 'e': 0.21704489667280757}",30,10,12.946573641894496,"{0: 17, 1: 1, 2: 2, 3: 0, 4: 0}",1
154,False,"{'a': 0.5, 'e': 0.2148744477060795}",25,10,13.977472395695479,"{0: 14, 1: 0, 2: 1, 3: 0, 4: 0}",1
155,False,"{'a': 0.5, 'e': 0.2127257032290187}",25,17,-0.837190348307125,"{0: 7, 1: 0, 2: 1, 3: 0, 4: 0}",1
156,False,"{'a': 0.5, 'e': 0.21059844619672852}",20,6,-28.406113845973863,"{0: 12, 1: 1, 2: 0, 3: 0, 4: 1}",1
157,False,"{'a': 0.5, 'e': 0.20849246173476124}",20,0,-48.27060192462981,"{0: 14, 1: 2, 2: 2, 3: 2, 4: 0}",0
158,False,"{'a': 0.5, 'e': 0.2064075371174136}",25,3,-37.55312089745331,"{0: 19, 1: 0, 2: 2, 3: 0, 4: 1}",1
159,False,"{'a': 0.5, 'e': 0.2043434617462395}",25,17,1.4954367642877946,"{0: 7, 1: 0, 2: 1, 3: 0, 4: 0}",1
160,False,"{'a': 0.5, 'e': 0.2023000271287771}",20,0,-20.8990629214709,"{0: 18, 1: 1, 2: 0, 3: 0, 4: 1}",0
161,False,"{'a': 0.5, 'e': 0.2002770268574893}",20,10,-2.6930142964716595,"{0: 8, 1: 0, 2: 2, 3: 0, 4: 0}",1
162,False,"{'a': 0.5, 'e': 0.19827425658891443}",20,13,3.9551551232426174,"{0: 6, 1: 1, 2: 0, 3: 0, 4: 0}",1
163,False,"{'a': 0.5, 'e': 0.19629151402302528}",20,12,13.541256153790359,"{0: 8, 1: 0, 2: 0, 3: 0, 4: 0}",1
164,False,"{'a': 0.5, 'e': 0.19432859888279502}",20,0,-18.496238410958274,"{0: 16, 1: 2, 2: 1, 3: 1, 4: 0}",0
165,False,"{'a': 0.5, 'e': 0.19238531289396707}",20,4,25.048395978934796,"{0: 16, 1: 0, 2: 0, 3: 0, 4: 0}",1
166,False,"{'a': 0.5, 'e': 0.1904614597650274}",30,8,21.764385621254853,"{0: 21, 1: 0, 2: 1, 3: 0, 4: 0}",1
167,False,"{'a': 0.5, 'e': 0.1885568451673771}",20,11,16.525372033788024,"{0: 9, 1: 0, 2: 0, 3: 0, 4: 0}",1
168,False,"{'a': 0.5, 'e': 0.18667127671570335}",35,22,19.446418006613186,"{0: 12, 1: 1, 2: 0, 3: 0, 4: 0}",1
169,False,"{'a': 0.5, 'e': 0.1848045639485463}",20,12,7.447992645926873,"{0: 7, 1: 0, 2: 1, 3: 0, 4: 0}",1
170,False,"{'a': 0.5, 'e': 0.18295651830906084}",25,12,7.046174255300379,"{0: 12, 1: 0, 2: 1, 3: 0, 4: 0}",1
171,False,"{'a': 0.5, 'e': 0.18112695312597024}",25,14,12.088474556484895,"{0: 11, 1: 0, 2: 0, 3: 0, 4: 0}",1
172,False,"{'a': 0.5, 'e': 0.17931568359471053}",25,13,10.9393913576471,"{0: 11, 1: 0, 2: 1, 3: 0, 4: 0}",1
173,False,"{'a': 0.5, 'e': 0.17752252675876343}",35,4,12.187982323347926,"{0: 28, 1: 0, 2: 3, 3: 0, 4: 0}",1
174,False,"{'a': 0.5, 'e': 0.1757473014911758}",20,10,7.010240588270131,"{0: 9, 1: 0, 2: 1, 3: 0, 4: 0}",1
175,False,"{'a': 0.5, 'e': 0.173989828476264}",25,13,-18.018490730836504,"{0: 11, 1: 0, 2: 0, 3: 0, 4: 1}",1
176,False,"{'a': 0.5, 'e': 0.1722499301915014}",20,16,7.069248907081567,"{0: 4, 1: 0, 2: 0, 3: 0, 4: 0}",1
177,False,"{'a': 0.5, 'e': 0.17052743088958636}",20,0,7.23559631630502,"{0: 18, 1: 1, 2: 1, 3: 0, 4: 0}",0
178,False,"{'a': 0.5, 'e': 0.1688221565806905}",25,0,-2.5116995572659233,"{0: 24, 1: 0, 2: 0, 3: 0, 4: 1}",1
179,False,"{'a': 0.5, 'e': 0.1671339350148836}",20,0,12.096558815981997,"{0: 19, 1: 0, 2: 1, 3: 0, 4: 0}",0
180,False,"{'a': 0.5, 'e': 0.16546259566473476}",25,11,9.956959204213648,"{0: 13, 1: 0, 2: 1, 3: 0, 4: 0}",1
181,False,"{'a': 0.5, 'e': 0.16380796970808742}",20,8,7.400206066819555,"{0: 11, 1: 0, 2: 1, 3: 0, 4: 0}",1
182,False,"{'a': 0.5, 'e': 0.16216989001100654}",20,2,-40.51530892606721,"{0: 15, 1: 0, 2: 2, 3: 0, 4: 1}",1
183,False,"{'a': 0.5, 'e': 0.16054819111089647}",25,19,11.822377014764553,"{0: 6, 1: 0, 2: 0, 3: 0, 4: 0}",1
184,False,"{'a': 0.5, 'e': 0.1589427091997875}",20,6,-7.837841826647609,"{0: 12, 1: 1, 2: 0, 3: 1, 4: 0}",1
185,False,"{'a': 0.5, 'e': 0.15735328210778962}",30,18,20.537352246609963,"{0: 12, 1: 0, 2: 0, 3: 0, 4: 0}",1
186,False,"{'a': 0.5, 'e': 0.15577974928671173}",20,12,10.47150744479832,"{0: 7, 1: 1, 2: 0, 3: 0, 4: 0}",1
187,False,"{'a': 0.5, 'e': 0.1542219517938446}",25,3,-17.82800214446532,"{0: 20, 1: 1, 2: 0, 3: 0, 4: 1}",1
188,False,"{'a': 0.5, 'e': 0.15267973227590617}",25,14,-22.720322185490833,"{0: 10, 1: 0, 2: 0, 3: 0, 4: 1}",1
189,False,"{'a': 0.5, 'e': 0.1511529349531471}",20,11,10.833934806239025,"{0: 9, 1: 0, 2: 0, 3: 0, 4: 0}",1
190,False,"{'a': 0.5, 'e': 0.14964140560361563}",25,11,-4.805789194824523,"{0: 12, 1: 0, 2: 2, 3: 0, 4: 0}",1
191,False,"{'a': 0.5, 'e': 0.14814499154757946}",25,10,-38.15313263144359,"{0: 13, 1: 0, 2: 0, 3: 1, 4: 1}",1
192,False,"{'a': 0.5, 'e': 0.14666354163210368}",25,14,20.448318445359284,"{0: 11, 1: 0, 2: 0, 3: 0, 4: 0}",1
193,False,"{'a': 0.5, 'e': 0.14519690621578263}",25,8,27.151337080920158,"{0: 17, 1: 0, 2: 0, 3: 0, 4: 0}",1
194,False,"{'a': 0.5, 'e': 0.1437449371536248}",25,8,24.877034165445206,"{0: 17, 1: 0, 2: 0, 3: 0, 4: 0}",1
195,False,"{'a': 0.5, 'e': 0.14230748778208857}",20,0,17.365381759300405,"{0: 19, 1: 0, 2: 1, 3: 0, 4: 0}",0
196,False,"{'a': 0.5, 'e': 0.14088441290426768}",20,5,27.621646999502797,"{0: 15, 1: 0, 2: 0, 3: 0, 4: 0}",1
197,False,"{'a': 0.5, 'e': 0.139475568775225}",25,7,-6.554903205584892,"{0: 16, 1: 0, 2: 1, 3: 1, 4: 0}",1
198,False,"{'a': 0.5, 'e': 0.13808081308747275}",20,16,8.826401619745884,"{0: 4, 1: 0, 2: 0, 3: 0, 4: 0}",1
199,False,"{'a': 0.5, 'e': 0.136700004956598}",35,3,21.613408911476604,"{0: 30, 1: 1, 2: 1, 3: 0, 4: 0}",1
200,False,"{'a': 0.5, 'e': 0.13533300490703204}",30,18,10.676210476077154,"{0: 11, 1: 0, 2: 1, 3: 0, 4: 0}",1
201,False,"{'a': 0.5, 'e': 0.13397967485796172}",20,9,14.551156683854932,"{0: 10, 1: 1, 2: 0, 3: 0, 4: 0}",1
202,False,"{'a': 0.5, 'e': 0.1326398781093821}",25,12,16.44680962453481,"{0: 13, 1: 0, 2: 0, 3: 0, 4: 0}",1
203,False,"{'a': 0.5, 'e': 0.13131347932828827}",20,8,6.8876908921684405,"{0: 11, 1: 0, 2: 1, 3: 0, 4: 0}",1
204,False,"{'a': 0.5, 'e': 0.1300003445350054}",20,4,25.404791932424406,"{0: 16, 1: 0, 2: 0, 3: 0, 4: 0}",1
205,False,"{'a': 0.5, 'e': 0.12870034108965533}",20,7,18.79267276871125,"{0: 13, 1: 0, 2: 0, 3: 0, 4: 0}",1
206,False,"{'a': 0.5, 'e': 0.1274133376787588}",20,7,15.556881405478165,"{0: 13, 1: 0, 2: 0, 3: 0, 4: 0}",1
207,False,"{'a': 0.5, 'e': 0.12613920430197118}",20,0,11.991864363307728,"{0: 19, 1: 0, 2: 1, 3: 0, 4: 0}",0
208,False,"{'a': 0.5, 'e': 0.12487781225895148}",20,9,-25.244686386335466,"{0: 10, 1: 0, 2: 0, 3: 0, 4: 1}",1
209,False,"{'a': 0.5, 'e': 0.12362903413636196}",20,10,22.158812812693974,"{0: 10, 1: 0, 2: 0, 3: 0, 4: 0}",1
210,False,"{'a': 0.5, 'e': 0.12239274379499834}",25,12,26.727866751560136,"{0: 13, 1: 0, 2: 0, 3: 0, 4: 0}",1
211,False,"{'a': 0.5, 'e': 0.12116881635704835}",20,8,9.864089196244297,"{0: 11, 1: 0, 2: 1, 3: 0, 4: 0}",1
212,False,"{'a': 0.5, 'e': 0.11995712819347787}",25,19,12.280789287423673,"{0: 6, 1: 0, 2: 0, 3: 0, 4: 0}",1
213,False,"{'a': 0.5, 'e': 0.11875755691154309}",25,18,15.721608515471274,"{0: 7, 1: 0, 2: 0, 3: 0, 4: 0}",1
214,False,"{'a': 0.5, 'e': 0.11756998134242766}",30,12,12.338434355570863,"{0: 16, 1: 1, 2: 1, 3: 0, 4: 0}",1
215,False,"{'a': 0.5, 'e': 0.11639428152900338}",25,18,14.300963130975381,"{0: 7, 1: 0, 2: 0, 3: 0, 4: 0}",1
216,False,"{'a': 0.5, 'e': 0.11523033871371334}",30,21,8.527962305511586,"{0: 8, 1: 1, 2: 0, 3: 0, 4: 0}",1
217,False,"{'a': 0.5, 'e': 0.1140780353265762}",25,0,31.776380920645256,"{0: 25, 1: 0, 2: 0, 3: 0, 4: 0}",0
218,False,"{'a': 0.5, 'e': 0.11293725497331045}",20,10,-21.527352236118972,"{0: 9, 1: 0, 2: 0, 3: 0, 4: 1}",1
219,False,"{'a': 0.5, 'e': 0.11180788242357734}",20,4,-60.60994635059384,"{0: 10, 1: 3, 2: 2, 3: 0, 4: 1}",1
220,False,"{'a': 0.5, 'e': 0.11068980359934157}",20,9,-27.986225642518455,"{0: 9, 1: 1, 2: 0, 3: 0, 4: 1}",1
221,False,"{'a': 0.5, 'e': 0.10958290556334815}",30,19,14.165303611241724,"{0: 10, 1: 1, 2: 0, 3: 0, 4: 0}",1
222,False,"{'a': 0.5, 'e': 0.10848707650771466}",20,12,10.96266977396799,"{0: 8, 1: 0, 2: 0, 3: 0, 4: 0}",1
223,False,"{'a': 0.5, 'e': 0.10740220574263752}",25,20,9.463813077850233,"{0: 5, 1: 0, 2: 0, 3: 0, 4: 0}",1
224,False,"{'a': 0.5, 'e': 0.10632818368521114}",20,0,22.948164506796136,"{0: 19, 1: 1, 2: 0, 3: 0, 4: 0}",0
225,False,"{'a': 0.5, 'e': 0.10526490184835903}",20,8,-22.0538074710566,"{0: 11, 1: 0, 2: 0, 3: 0, 4: 1}",1
226,False,"{'a': 0.5, 'e': 0.10421225282987544}",20,4,-8.504559722571024,"{0: 14, 1: 0, 2: 1, 3: 1, 4: 0}",1
227,False,"{'a': 0.5, 'e': 0.10317013030157669}",20,0,22.753650801592304,"{0: 20, 1: 0, 2: 0, 3: 0, 4: 0}",0
228,False,"{'a': 0.5, 'e': 0.10213842899856092}",20,3,23.98399058327764,"{0: 17, 1: 0, 2: 0, 3: 0, 4: 0}",1
229,False,"{'a': 0.5, 'e': 0.10111704470857531}",20,0,27.927979504321442,"{0: 20, 1: 0, 2: 0, 3: 0, 4: 0}",1
230,False,"{'a': 0.5, 'e': 0.10010587426148955}",20,8,-5.929816477676735,"{0: 11, 1: 0, 2: 0, 3: 1, 4: 0}",1
231,False,"{'a': 0.5, 'e': 0.09910481551887466}",30,17,-23.145986693214937,"{0: 11, 1: 1, 2: 0, 3: 0, 4: 1}",1
232,False,"{'a': 0.5, 'e': 0.0981137673636859}",20,13,11.039279437054894,"{0: 7, 1: 0, 2: 0, 3: 0, 4: 0}",1
233,False,"{'a': 0.5, 'e': 0.09713262969004904}",30,20,20.181684871429624,"{0: 10, 1: 0, 2: 0, 3: 0, 4: 0}",1
234,False,"{'a': 0.5, 'e': 0.09616130339314856}",20,1,8.315138950924286,"{0: 18, 1: 0, 2: 1, 3: 0, 4: 0}",1
235,False,"{'a': 0.5, 'e': 0.09519969035921708}",20,12,14.472635774331902,"{0: 8, 1: 0, 2: 0, 3: 0, 4: 0}",1
236,False,"{'a': 0.5, 'e': 0.0942476934556249}",35,24,8.759744484117336,"{0: 10, 1: 0, 2: 1, 3: 0, 4: 0}",1
237,False,"{'a': 0.5, 'e': 0.09330521652106866}",30,21,16.890929057063023,"{0: 9, 1: 0, 2: 0, 3: 0, 4: 0}",1
238,False,"{'a': 0.5, 'e': 0.09237216435585796}",30,24,11.891388899702594,"{0: 6, 1: 0, 2: 0, 3: 0, 4: 0}",1
239,False,"{'a': 0.5, 'e': 0.09144844271229938}",35,18,20.709592987556857,"{0: 16, 1: 0, 2: 1, 3: 0, 4: 0}",1
240,False,"{'a': 0.5, 'e': 0.0905339582851764}",20,12,14.582596965115796,"{0: 8, 1: 0, 2: 0, 3: 0, 4: 0}",1
241,False,"{'a': 0.5, 'e': 0.08962861870232462}",20,13,12.448332306147211,"{0: 7, 1: 0, 2: 0, 3: 0, 4: 0}",1
242,False,"{'a': 0.5, 'e': 0.08873233251530138}",20,8,21.553585584714526,"{0: 12, 1: 0, 2: 0, 3: 0, 4: 0}",1
243,False,"{'a': 0.5, 'e': 0.08784500919014836}",25,11,-17.295607852340346,"{0: 11, 1: 0, 2: 3, 3: 0, 4: 0}",1
244,False,"{'a': 0.5, 'e': 0.08696655909824688}",25,13,7.487378448672838,"{0: 11, 1: 0, 2: 1, 3: 0, 4: 0}",1
245,False,"{'a': 0.5, 'e': 0.0860968935072644}",25,15,12.47833800114082,"{0: 9, 1: 1, 2: 0, 3: 0, 4: 0}",1
246,False,"{'a': 0.5, 'e': 0.08523592457219176}",20,12,18.983820447903817,"{0: 8, 1: 0, 2: 0, 3: 0, 4: 0}",1
247,False,"{'a': 0.5, 'e': 0.08438356532646984}",20,6,-2.3302027034080774,"{0: 12, 1: 0, 2: 2, 3: 0, 4: 0}",1
248,False,"{'a': 0.5, 'e': 0.08353972967320515}",25,5,30.258198907135792,"{0: 20, 1: 0, 2: 0, 3: 0, 4: 0}",1
249,False,"{'a': 0.5, 'e': 0.0827043323764731}",20,5,25.556663007371178,"{0: 15, 1: 0, 2: 0, 3: 0, 4: 0}",1
250,False,"{'a': 0.5, 'e': 0.08187728905270836}",20,14,12.505990384268307,"{0: 6, 1: 0, 2: 0, 3: 0, 4: 0}",1
251,False,"{'a': 0.5, 'e': 0.08105851616218128}",20,8,23.5636899658849,"{0: 12, 1: 0, 2: 0, 3: 0, 4: 0}",1
252,False,"{'a': 0.5, 'e': 0.08024793100055946}",30,16,16.426662613672313,"{0: 12, 1: 2, 2: 0, 3: 0, 4: 0}",1
253,False,"{'a': 0.5, 'e': 0.07944545169055386}",20,4,30.547524087501348,"{0: 16, 1: 0, 2: 0, 3: 0, 4: 0}",1
254,False,"{'a': 0.5, 'e': 0.07865099717364833}",20,14,11.197799096305824,"{0: 6, 1: 0, 2: 0, 3: 0, 4: 0}",1
255,False,"{'a': 0.5, 'e': 0.07786448720191184}",25,18,13.147510781220936,"{0: 7, 1: 0, 2: 0, 3: 0, 4: 0}",1
256,False,"{'a': 0.5, 'e': 0.07708584232989273}",25,5,19.810210861713553,"{0: 19, 1: 0, 2: 1, 3: 0, 4: 0}",1
257,False,"{'a': 0.5, 'e': 0.0763149839065938}",20,8,17.411916081439596,"{0: 12, 1: 0, 2: 0, 3: 0, 4: 0}",1
258,False,"{'a': 0.5, 'e': 0.07555183406752786}",30,19,18.754374112455878,"{0: 11, 1: 0, 2: 0, 3: 0, 4: 0}",1
259,False,"{'a': 0.5, 'e': 0.07479631572685258}",30,11,28.36616584822735,"{0: 19, 1: 0, 2: 0, 3: 0, 4: 0}",1
260,False,"{'a': 0.5, 'e': 0.07404835256958406}",20,9,20.221090004817924,"{0: 11, 1: 0, 2: 0, 3: 0, 4: 0}",1
261,False,"{'a': 0.5, 'e': 0.07330786904388821}",30,15,14.203379606188108,"{0: 14, 1: 0, 2: 1, 3: 0, 4: 0}",1
262,False,"{'a': 0.5, 'e': 0.07257479035344933}",30,18,24.41023310184823,"{0: 12, 1: 0, 2: 0, 3: 0, 4: 0}",1
263,False,"{'a': 0.5, 'e': 0.07184904244991483}",30,21,19.11047075411598,"{0: 9, 1: 0, 2: 0, 3: 0, 4: 0}",1
264,False,"{'a': 0.5, 'e': 0.07113055202541568}",30,18,22.24969509494028,"{0: 12, 1: 0, 2: 0, 3: 0, 4: 0}",1
265,False,"{'a': 0.5, 'e': 0.07041924650516153}",25,13,23.38023326649623,"{0: 12, 1: 0, 2: 0, 3: 0, 4: 0}",1
266,False,"{'a': 0.5, 'e': 0.06971505404010991}",20,12,12.98279713777263,"{0: 8, 1: 0, 2: 0, 3: 0, 4: 0}",1
267,False,"{'a': 0.5, 'e': 0.06901790349970881}",25,8,33.70909821331548,"{0: 17, 1: 0, 2: 0, 3: 0, 4: 0}",1
268,False,"{'a': 0.5, 'e': 0.06832772446471172}",25,13,16.60515109792844,"{0: 12, 1: 0, 2: 0, 3: 0, 4: 0}",1
269,False,"{'a': 0.5, 'e': 0.0676444472200646}",25,11,25.9552468838446,"{0: 14, 1: 0, 2: 0, 3: 0, 4: 0}",1
270,False,"{'a': 0.5, 'e': 0.06696800274786396}",25,8,24.350106068507554,"{0: 17, 1: 0, 2: 0, 3: 0, 4: 0}",1
271,False,"{'a': 0.5, 'e': 0.06629832272038531}",20,12,14.254844088446083,"{0: 8, 1: 0, 2: 0, 3: 0, 4: 0}",1
272,False,"{'a': 0.5, 'e': 0.06563533949318147}",30,19,5.362444387488024,"{0: 9, 1: 2, 2: 0, 3: 0, 4: 0}",1
273,False,"{'a': 0.5, 'e': 0.06497898609824965}",20,10,-23.866344950092238,"{0: 9, 1: 0, 2: 0, 3: 0, 4: 1}",1
274,False,"{'a': 0.5, 'e': 0.06432919623726716}",25,7,31.09012884348613,"{0: 18, 1: 0, 2: 0, 3: 0, 4: 0}",1
275,False,"{'a': 0.5, 'e': 0.06368590427489448}",25,15,14.114572416137488,"{0: 10, 1: 0, 2: 0, 3: 0, 4: 0}",1
276,False,"{'a': 0.5, 'e': 0.06304904523214554}",30,24,12.192728626098983,"{0: 6, 1: 0, 2: 0, 3: 0, 4: 0}",1
277,False,"{'a': 0.5, 'e': 0.06241855477982408}",20,0,-9.23301483596818,"{0: 18, 1: 0, 2: 1, 3: 1, 4: 0}",0
278,False,"{'a': 0.5, 'e': 0.06179436923202584}",30,0,33.271685529309856,"{0: 30, 1: 0, 2: 0, 3: 0, 4: 0}",0
279,False,"{'a': 0.5, 'e': 0.06117642553970558}",20,4,13.512091465516994,"{0: 15, 1: 0, 2: 1, 3: 0, 4: 0}",1
280,False,"{'a': 0.5, 'e': 0.06056466128430853}",30,20,17.931243380222817,"{0: 10, 1: 0, 2: 0, 3: 0, 4: 0}",1
281,False,"{'a': 0.5, 'e': 0.05995901467146544}",20,16,8.090841022756582,"{0: 4, 1: 0, 2: 0, 3: 0, 4: 0}",1
282,False,"{'a': 0.5, 'e': 0.059359424524750785}",20,9,13.901330568334952,"{0: 11, 1: 0, 2: 0, 3: 0, 4: 0}",1
283,False,"{'a': 0.5, 'e': 0.05876583027950327}",20,13,9.768139262543672,"{0: 7, 1: 0, 2: 0, 3: 0, 4: 0}",1
284,False,"{'a': 0.5, 'e': 0.05817817197670824}",25,13,21.52257684454003,"{0: 12, 1: 0, 2: 0, 3: 0, 4: 0}",1
285,False,"{'a': 0.5, 'e': 0.05759639025694116}",25,18,12.43603872267116,"{0: 7, 1: 0, 2: 0, 3: 0, 4: 0}",1
286,False,"{'a': 0.5, 'e': 0.057020426354371746}",25,11,24.94603490213372,"{0: 14, 1: 0, 2: 0, 3: 0, 4: 0}",1
287,False,"{'a': 0.5, 'e': 0.05645022209082803}",30,12,26.852333236358948,"{0: 18, 1: 0, 2: 0, 3: 0, 4: 0}",1
288,False,"{'a': 0.5, 'e': 0.05588571986991975}",20,10,17.24905867445199,"{0: 10, 1: 0, 2: 0, 3: 0, 4: 0}",1
289,False,"{'a': 0.5, 'e': 0.05532686267122055}",20,1,-19.937044533095687,"{0: 17, 1: 1, 2: 0, 3: 0, 4: 1}",1
290,False,"{'a': 0.5, 'e': 0.05477359404450834}",20,2,19.745063560002425,"{0: 17, 1: 0, 2: 1, 3: 0, 4: 0}",1
291,False,"{'a': 0.5, 'e': 0.05422585810406326}",20,8,18.87914773917646,"{0: 12, 1: 0, 2: 0, 3: 0, 4: 0}",1
292,False,"{'a': 0.5, 'e': 0.05368359952302263}",25,14,20.465512312457953,"{0: 11, 1: 0, 2: 0, 3: 0, 4: 0}",1
293,False,"{'a': 0.5, 'e': 0.0531467635277924}",20,14,11.854067803009691,"{0: 6, 1: 0, 2: 0, 3: 0, 4: 0}",1
294,False,"{'a': 0.5, 'e': 0.05261529589251448}",20,6,12.948081532065336,"{0: 13, 1: 1, 2: 0, 3: 0, 4: 0}",1
295,False,"{'a': 0.5, 'e': 0.05208914293358933}",20,8,9.465532391172808,"{0: 11, 1: 0, 2: 1, 3: 0, 4: 0}",1
296,False,"{'a': 0.5, 'e': 0.05156825150425344}",35,26,15.225478257675977,"{0: 9, 1: 0, 2: 0, 3: 0, 4: 0}",1
297,False,"{'a': 0.5, 'e': 0.0510525689892109}",20,15,7.572486821817858,"{0: 5, 1: 0, 2: 0, 3: 0, 4: 0}",1
298,False,"{'a': 0.5, 'e': 0.050542043299318794}",25,8,32.861488096299794,"{0: 17, 1: 0, 2: 0, 3: 0, 4: 0}",1
299,False,"{'a': 0.5, 'e': 0.050036622866325604}",30,12,34.50695172380647,"{0: 18, 1: 0, 2: 0, 3: 0, 4: 0}",1
300,False,"{'a': 0.5, 'e': 0.04953625663766235}",20,3,-2.9690378656713117,"{0: 15, 1: 0, 2: 2, 3: 0, 4: 0}",1
1,True,"{'a': 0, 'e': 0}",20,6,25.02026132544544,"{0: 14, 1: 0, 2: 0, 3: 0, 4: 0}",1
2,True,"{'a': 0, 'e': 0}",25,14,14.939908350644103,"{0: 11, 1: 0, 2: 0, 3: 0, 4: 0}",1
3,True,"{'a': 0, 'e': 0}",30,12,36.36812320269483,"{0: 18, 1: 0, 2: 0, 3: 0, 4: 0}",1
4,True,"{'a': 0, 'e': 0}",25,11,22.726887503447486,"{0: 14, 1: 0, 2: 0, 3: 0, 4: 0}",1
5,True,"{'a': 0, 'e': 0}",20,2,32.4500642240633,"{0: 18, 1: 0, 2: 0, 3: 0, 4: 0}",1
6,True,"{'a': 0, 'e': 0}",25,13,21.194581658544173,"{0: 12, 1: 0, 2: 0, 3: 0, 4: 0}",1
7,True,"{'a': 0, 'e': 0}",20,12,10.38734497522516,"{0: 8, 1: 0, 2: 0, 3: 0, 4: 0}",1
8,True,"{'a': 0, 'e': 0}",20,14,12.223828695079991,"{0: 6, 1: 0, 2: 0, 3: 0, 4: 0}",1
9,True,"{'a': 0, 'e': 0}",20,13,11.955155216049393,"{0: 7, 1: 0, 2: 0, 3: 0, 4: 0}",1
10,True,"{'a': 0, 'e': 0}",20,3,26.12217752305181,"{0: 17, 1: 0, 2: 0, 3: 0, 4: 0}",1
